numero,espece,front_sprite,back_sprite,mini_sprite
1,Foliat,https://static.wikia.nocookie.net/capx/images/0/00/001f.png,https://static.wikia.nocookie.net/capx/images/5/57/001b.png,https://static.wikia.nocookie.net/capx/images/1/1f/Foliat-icon-edit.png
2,Florabri,https://static.wikia.nocookie.net/capx/images/c/c9/Florabri_f_qc.png,https://static.wikia.nocookie.net/capx/images/7/71/Florabri-m-bsprite-edit.png,https://static.wikia.nocookie.net/capx/images/1/13/Florabri_Icon_Ani_C1b.gif
3,Floressum,https://static.wikia.nocookie.net/capx/images/7/7e/Florresum_qc_f.png,https://static.wikia.nocookie.net/capx/images/b/b9/Floressum-m-bsprite-edit.png,https://static.wikia.nocookie.net/capx/images/5/54/Florresum_Icon_Ani_C1b.gif
4,Kidling,https://static.wikia.nocookie.net/capx/images/d/d5/004.png,https://static.wikia.nocookie.net/capx/images/d/d7/Kidlingback.png,https://static.wikia.nocookie.net/capx/images/e/e8/Kidling_Icon_Ani_B1b.gif
5,Pyroat,https://static.wikia.nocookie.net/capx/images/2/20/005.png,https://static.wikia.nocookie.net/capx/images/5/59/005b.png,https://static.wikia.nocookie.net/capx/images/b/b5/Pyroat_Icon_Ani_C1.gif
6,Flairees,https://static.wikia.nocookie.net/capx/images/7/77/Kamram.png,https://static.wikia.nocookie.net/capx/images/6/69/Flairees-front.png,https://static.wikia.nocookie.net/capx/images/1/16/Flairees_Icon_Ani_C1.gif
7,Aguade,https://static.wikia.nocookie.net/capx/images/d/d2/AguadeAdjust.png,https://static.wikia.nocookie.net/capx/images/4/4f/AguadeTailfix.png,https://static.wikia.nocookie.net/capx/images/0/0a/Aguade_Icon_Ani_C2.gif
8,Iguadium,https://static.wikia.nocookie.net/capx/images/f/f7/NewIguadiumFront.png,https://static.wikia.nocookie.net/capx/images/8/83/Iguadium_backsprite-1.png,https://static.wikia.nocookie.net/capx/images/d/dd/Iguadium_Icon_Ani_C1.gif
9,Aguanaut,https://static.wikia.nocookie.net/capx/images/d/d2/009.png,https://static.wikia.nocookie.net/capx/images/7/7c/009b.png,https://static.wikia.nocookie.net/capx/images/d/da/Aguanaut_icon_Ani_C1.gif
10,Harpee,https://static.wikia.nocookie.net/capx/images/5/5c/010.png,https://static.wikia.nocookie.net/capx/images/f/f1/010b.png,https://static.wikia.nocookie.net/capx/images/d/d2/Harpeemenu1.png
11,Aquilor,https://static.wikia.nocookie.net/capx/images/9/96/011.png,https://static.wikia.nocookie.net/capx/images/3/32/011b.png,https://static.wikia.nocookie.net/capx/images/6/69/Aquilor_Icon2.png
12,Warquila,https://static.wikia.nocookie.net/capx/images/b/b8/012.png,https://static.wikia.nocookie.net/capx/images/6/63/012b.png,https://static.wikia.nocookie.net/capx/images/d/d4/Warquila_Icon2.png
13,Capig,https://static.wikia.nocookie.net/capx/images/c/cf/013.png,https://static.wikia.nocookie.net/capx/images/f/f2/013b.png,https://static.wikia.nocookie.net/capx/images/8/8e/Capig_Icon_Ani_B1.gif
14,Capabara,https://static.wikia.nocookie.net/capx/images/c/c8/Capa_clear.png,https://static.wikia.nocookie.net/capx/images/c/c5/014b.png,https://static.wikia.nocookie.net/capx/images/5/55/Capabara_Icon_Ani_B1.gif
15,Cubzero,https://static.wikia.nocookie.net/capx/images/5/5e/015.png,https://static.wikia.nocookie.net/capx/images/1/17/015b.png,https://static.wikia.nocookie.net/capx/images/8/86/Cubzero-iconedit.png
16,Avalynx,https://static.wikia.nocookie.net/capx/images/2/2e/Avalynx-front.png,https://static.wikia.nocookie.net/capx/images/d/d1/Avalynx_Backsprite_Edit_new3.png,https://static.wikia.nocookie.net/capx/images/d/d7/Avalynx_Icon_Ani_E2.gif
17,Fawning,https://static.wikia.nocookie.net/capx/images/c/cf/017.png,https://static.wikia.nocookie.net/capx/images/5/5d/017b.png,https://static.wikia.nocookie.net/capx/images/7/78/Fawning_Icon_Ani_B1.gif
18,Llamarsh,https://static.wikia.nocookie.net/capx/images/d/d1/018.png,https://static.wikia.nocookie.net/capx/images/b/b5/018fb.png,https://static.wikia.nocookie.net/capx/images/4/45/Llamarsh_Icon_Ani_B1.gif
19,Buckston,https://static.wikia.nocookie.net/capx/images/5/5a/BuckstonremixF.png,https://static.wikia.nocookie.net/capx/images/6/6c/TuftShiftBuckston.png,https://static.wikia.nocookie.net/capx/images/2/2c/Buckston_Icon_Ani_B2tall.gif
20,Pengliff,https://static.wikia.nocookie.net/capx/images/9/9d/PengliffC.png,https://static.wikia.nocookie.net/capx/images/8/8b/Penglifback.png,https://static.wikia.nocookie.net/capx/images/1/15/Penglifficon.png
21,Penglacier,https://static.wikia.nocookie.net/capx/images/8/82/021.png,https://static.wikia.nocookie.net/capx/images/2/2f/021b.png,https://static.wikia.nocookie.net/capx/images/9/9d/Penglacier_Icon_Ani_1.gif
22,Bluffin,https://static.wikia.nocookie.net/capx/images/2/27/022.png,https://static.wikia.nocookie.net/capx/images/b/b1/022b.png,https://static.wikia.nocookie.net/capx/images/7/7a/Blufficon.png
23,Burrmudail,https://static.wikia.nocookie.net/capx/images/7/72/Burrmudail_Frontsprite_Edit_A1t.png,https://static.wikia.nocookie.net/capx/images/5/53/Burmudail-bsprite-edit.png,https://static.wikia.nocookie.net/capx/images/a/a5/Burrmudail_Icon_Ani_B2.gif
24,Koblin,https://static.wikia.nocookie.net/capx/images/a/a0/024.png,https://static.wikia.nocookie.net/capx/images/e/e0/024b.png,https://static.wikia.nocookie.net/capx/images/0/09/Cornonthekoblin.gif
25,Koberus,https://static.wikia.nocookie.net/capx/images/0/0f/Koberus_Frontsprite_Oct2015_B.png,https://static.wikia.nocookie.net/capx/images/c/ce/Koberus_Backsprite_Edit_C1t.png,https://static.wikia.nocookie.net/capx/images/6/69/Koberus_Icon.gif
26,Kobalt,https://static.wikia.nocookie.net/capx/images/b/b3/026.png,https://static.wikia.nocookie.net/capx/images/6/6f/026b.png,https://static.wikia.nocookie.net/capx/images/b/b0/Roarkobalt.gif
27,Pebblosa,https://static.wikia.nocookie.net/capx/images/e/e3/027.png,https://static.wikia.nocookie.net/capx/images/c/cf/027b.png,https://static.wikia.nocookie.net/capx/images/2/27/Pebblosa_Icon_Ani_B2.gif
28,Terratetra,https://static.wikia.nocookie.net/capx/images/d/d6/Latest-terratetra-3.png,https://static.wikia.nocookie.net/capx/images/5/50/028b.png,https://static.wikia.nocookie.net/capx/images/d/da/Terra_icon2.gif
29,Gigaard,https://static.wikia.nocookie.net/capx/images/a/a7/029.png,https://static.wikia.nocookie.net/capx/images/7/7f/029b.png,https://static.wikia.nocookie.net/capx/images/c/c9/Gigaard_icon2.gif
30,Cowatti,https://static.wikia.nocookie.net/capx/images/9/94/030.png,https://static.wikia.nocookie.net/capx/images/2/2d/030b.png,https://static.wikia.nocookie.net/capx/images/7/7f/Cowatti-icon-edit.png
31,Snome,https://static.wikia.nocookie.net/capx/images/6/61/031.png,https://static.wikia.nocookie.net/capx/images/b/b9/031b.png,https://static.wikia.nocookie.net/capx/images/1/1d/Snome_Icon_Ani_B1.gif
32,Snogre,https://static.wikia.nocookie.net/capx/images/a/a1/032f.png,https://static.wikia.nocookie.net/capx/images/5/55/032b.png,https://static.wikia.nocookie.net/capx/images/3/32/Snogre_Icon_Ani_B2.gif
33,Taomarin,https://static.wikia.nocookie.net/capx/images/a/a5/TaomarinFront3.png,https://static.wikia.nocookie.net/capx/images/f/f0/TaomarinBack.png,https://static.wikia.nocookie.net/capx/images/f/f2/Taomarin_Icon_Ani_B3.gif
34,Orangutao,https://static.wikia.nocookie.net/capx/images/d/d3/Orangutao_Front_D2.png,https://static.wikia.nocookie.net/capx/images/4/41/WidenedOrangutao.png,https://static.wikia.nocookie.net/capx/images/0/01/Orangutao_Icon_Ani_B2.gif
35,Larvabidae,https://static.wikia.nocookie.net/capx/images/0/05/035.png,https://static.wikia.nocookie.net/capx/images/9/91/035b.png,https://static.wikia.nocookie.net/capx/images/8/80/Larvabidae_Icon_Ani_B2.gif
36,Caranox,https://static.wikia.nocookie.net/capx/images/0/08/036.png,https://static.wikia.nocookie.net/capx/images/1/12/036b.png,https://static.wikia.nocookie.net/capx/images/c/c9/Caranox_Icon_Ani_C1.gif
37,Carajoule,https://static.wikia.nocookie.net/capx/images/8/89/037.png,https://static.wikia.nocookie.net/capx/images/2/29/Carajoule_back_fixed.png,https://static.wikia.nocookie.net/capx/images/2/27/Carajoule_Icon_Ani_B2.gif
38,Caracrust,https://static.wikia.nocookie.net/capx/images/e/ef/038.png,https://static.wikia.nocookie.net/capx/images/3/30/Caracrust_backsprite.png,https://static.wikia.nocookie.net/capx/images/3/34/Caracrust_Icon_Ani_B2.gif
39,Musburry,https://static.wikia.nocookie.net/capx/images/c/cc/Musburry_FS_Lime.png,https://static.wikia.nocookie.net/capx/images/f/fe/Musburry_BS_Lime.png,https://static.wikia.nocookie.net/capx/images/6/6c/Othermusburryicon.png
40,Musbushel,https://static.wikia.nocookie.net/capx/images/e/ea/Musbushel_Front_D2.png,https://static.wikia.nocookie.net/capx/images/7/77/Musbushel_Back_D2.png,https://static.wikia.nocookie.net/capx/images/c/c1/Musbushel_Icon_Ani_B1.gif
41,Berratel,https://static.wikia.nocookie.net/capx/images/f/f4/Berratel_sprite_2.png,https://static.wikia.nocookie.net/capx/images/a/af/Berratel_backsprite.png,https://static.wikia.nocookie.net/capx/images/2/2d/Berratel_Icon_Ani_B1.gif
42,Growmeo,https://static.wikia.nocookie.net/capx/images/e/e8/Growmeo_sprite.png,https://static.wikia.nocookie.net/capx/images/7/73/Growmeo_backsprite.png,https://static.wikia.nocookie.net/capx/images/3/38/Growmeo_Icon_Ani_B2.gif
43,Montegrew,https://static.wikia.nocookie.net/capx/images/7/77/MontegrewFront2.png,https://static.wikia.nocookie.net/capx/images/9/98/MontegrewBackB.png,https://static.wikia.nocookie.net/capx/images/c/c8/Montegrew_Icon_Ani_C.gif
44,Tuliep,https://static.wikia.nocookie.net/capx/images/0/0f/Tuliep_sprite.png,https://static.wikia.nocookie.net/capx/images/4/45/Tuliep_backsprite.png,https://static.wikia.nocookie.net/capx/images/c/c7/Tuliep_Icon_Ani_B1.gif
45,Capulilly,https://static.wikia.nocookie.net/capx/images/5/54/CapulillyFront.png,https://static.wikia.nocookie.net/capx/images/f/fd/CapulillyBack.png,https://static.wikia.nocookie.net/capx/images/f/fa/Capulilly_Icon_Ani_B1.gif
46,Dreamdery,https://static.wikia.nocookie.net/capx/images/7/70/DreamderyFront.png,https://static.wikia.nocookie.net/capx/images/0/0a/DreamderyBack.png,https://static.wikia.nocookie.net/capx/images/a/a2/Dreamdery_Icon_Ani_C1.gif
47,Macabra,https://static.wikia.nocookie.net/capx/images/7/71/MacabraFix.png,https://static.wikia.nocookie.net/capx/images/e/ef/MacabraQCBack.png,https://static.wikia.nocookie.net/capx/images/5/56/Macabra_Icon_Ani_Cb1.gif
48,Kertruffle,https://static.wikia.nocookie.net/capx/images/e/ee/KertruffleFront.png,https://static.wikia.nocookie.net/capx/images/3/37/KertruffleBack.png,https://static.wikia.nocookie.net/capx/images/3/3e/Kertruffle_Icon_Ani_1.gif
49,Mosshroom,https://static.wikia.nocookie.net/capx/images/5/54/MosshroomFront.png,https://static.wikia.nocookie.net/capx/images/8/89/MosshroomBack.png,https://static.wikia.nocookie.net/capx/images/e/ed/Mosshroom_Icon_Ani_B2.gif
50,Lumishroom,https://static.wikia.nocookie.net/capx/images/3/3e/LumishroomFront.png,https://static.wikia.nocookie.net/capx/images/8/86/LumishroomBack.png,https://static.wikia.nocookie.net/capx/images/1/1a/Lumishroom_Icon_Ani_B2.gif
51,Perishroom,https://static.wikia.nocookie.net/capx/images/0/0e/Perishrooms.png,https://static.wikia.nocookie.net/capx/images/c/cd/PerishroomBackEdit.png,https://static.wikia.nocookie.net/capx/images/e/e6/Perishroom_Icon_Ani_C2.gif
52,Rocano,https://static.wikia.nocookie.net/capx/images/4/48/Rocano1.png,https://static.wikia.nocookie.net/capx/images/9/94/Rocano_new.png,https://static.wikia.nocookie.net/capx/images/d/dc/Rocano_Icon_Ani_B1.gif
53,Volcaroc,https://static.wikia.nocookie.net/capx/images/0/03/Volcaroc_Front_D2.png,https://static.wikia.nocookie.net/capx/images/f/f3/Volcaroc_Back_D2.png,https://static.wikia.nocookie.net/capx/images/0/04/Volcaroc_Icon_Ani_B1.gif
54,Volcoalder,https://static.wikia.nocookie.net/capx/images/e/e7/Volcoalder_Front_D2.png,https://static.wikia.nocookie.net/capx/images/1/1a/Volcoalder_Back_D2.png,https://static.wikia.nocookie.net/capx/images/6/65/Volcoalder_Icon_Ani_B2.gif
55,Pounther,https://static.wikia.nocookie.net/capx/images/3/3f/Pounther_Front_D2.png,https://static.wikia.nocookie.net/capx/images/3/3c/Pounther_Back_D2.png,https://static.wikia.nocookie.net/capx/images/4/41/Pounther_Icon_Ani_1.gif
56,Jaguile,https://static.wikia.nocookie.net/capx/images/d/d1/Jaguile_Front_D2.png,https://static.wikia.nocookie.net/capx/images/8/80/Jaguile_Back_D2.png,https://static.wikia.nocookie.net/capx/images/1/1a/Jaguile_Icon_Ani_B1.gif
57,Neureka,https://static.wikia.nocookie.net/capx/images/5/55/NeurekaFrontQCZ.png,https://static.wikia.nocookie.net/capx/images/d/d3/NeurekaBack2b.png,https://static.wikia.nocookie.net/capx/images/1/17/Neureka_Icon_Ani_B1.gif
58,Cerebrulb,https://static.wikia.nocookie.net/capx/images/c/c9/Cereboob.png,https://static.wikia.nocookie.net/capx/images/4/4d/CerebrulbBackB.png,https://static.wikia.nocookie.net/capx/images/b/bd/Cerebrulb_Icon_Ani_B2.gif
59,Peppit,https://static.wikia.nocookie.net/capx/images/f/f2/PeppitFrontQC3.png,https://static.wikia.nocookie.net/capx/images/5/52/PeppitBackQC-2.png,https://static.wikia.nocookie.net/capx/images/1/15/Peppit_Icon_Ani_B3.gif
60,Hoppanero,https://static.wikia.nocookie.net/capx/images/c/ce/Hoppanero.png,https://static.wikia.nocookie.net/capx/images/8/82/1417919478717.png,https://static.wikia.nocookie.net/capx/images/0/0b/Hoppanero_Icon_Ani_B2.gif
61,Scovalope,https://static.wikia.nocookie.net/capx/images/8/8c/ScovalopeFront2.png,https://static.wikia.nocookie.net/capx/images/4/43/ScovalopeBack.png,https://static.wikia.nocookie.net/capx/images/7/7c/Scovalope_Icon_Ani_B2.gif
62,Pawter,https://static.wikia.nocookie.net/capx/images/8/83/Paw.png,https://static.wikia.nocookie.net/capx/images/f/f1/PawterBack.png,https://static.wikia.nocookie.net/capx/images/e/ed/PawterIcon.png
63,Hurricanine,https://static.wikia.nocookie.net/capx/images/5/56/HurricanineQCFront.png,https://static.wikia.nocookie.net/capx/images/a/af/Hurricanine-Backsprite-1.png,https://static.wikia.nocookie.net/capx/images/d/d9/HurricanineMenu.png
64,Skullarva,https://static.wikia.nocookie.net/capx/images/9/9c/SkullarvaFrontQC2.png,https://static.wikia.nocookie.net/capx/images/f/f9/Skullarvaback3.png,https://static.wikia.nocookie.net/capx/images/1/1d/Skullarva_Icon_Ani_B1.gif
65,Maskoon,https://static.wikia.nocookie.net/capx/images/1/15/MaskoonfrontQC.png,https://static.wikia.nocookie.net/capx/images/6/6b/Maskoonback.png,https://static.wikia.nocookie.net/capx/images/6/65/Maskoon_Icon_Ani_B1.gif
66,Mortasque,https://static.wikia.nocookie.net/capx/images/8/8c/Mortasquedit_transparent.png,https://static.wikia.nocookie.net/capx/images/5/54/Mortasque_Xenon2.png,https://static.wikia.nocookie.net/capx/images/d/dc/Mortasque_Icon_Ani_B1.gif
67,Vectol,https://static.wikia.nocookie.net/capx/images/0/01/Vectol-frontsprite-1.png,https://static.wikia.nocookie.net/capx/images/8/87/Vectol-backsprite-1.png,https://static.wikia.nocookie.net/capx/images/e/e3/Vectol_Icon_Frames_MR2.png
68,Vectol.2,https://static.wikia.nocookie.net/capx/images/d/d0/Vecto2-battle-fsprite-1.png,https://static.wikia.nocookie.net/capx/images/b/bc/Vectol2_Backsprite_E1t.png,https://static.wikia.nocookie.net/capx/images/6/64/Vectol2_Icon_Frames_MR1.png
69,Bouwee,https://static.wikia.nocookie.net/capx/images/2/2c/Bouwee_QC.png,https://static.wikia.nocookie.net/capx/images/0/0d/Bouwee_Back_D2.png,https://static.wikia.nocookie.net/capx/images/f/fc/Bouwee_Icon_Ani_B2.gif
70,Scubug,https://static.wikia.nocookie.net/capx/images/4/4d/Scubug_QC.png,https://static.wikia.nocookie.net/capx/images/4/42/Scubug_Otherback.png,https://static.wikia.nocookie.net/capx/images/6/6e/Scubug_Icon_Ani_B2.gif
71,Totter,https://static.wikia.nocookie.net/capx/images/7/73/Totter_clear.png,https://static.wikia.nocookie.net/capx/images/1/1e/Totter_Backsprite_E2t.png,https://static.wikia.nocookie.net/capx/images/2/27/Totter_Icon_Ani_B2.gif
72,Cascotta,https://static.wikia.nocookie.net/capx/images/b/b5/Cascotta_Front_D2.png,https://static.wikia.nocookie.net/capx/images/f/f6/Cascotta_Back_D2.png,https://static.wikia.nocookie.net/capx/images/b/b4/Cascotta_Icon_Ani_B2.gif
73,Lutrajet,https://static.wikia.nocookie.net/capx/images/c/ce/Lutra_clear.png,https://static.wikia.nocookie.net/capx/images/2/23/Lutrajet_Backsprite_Xen1t.png,https://static.wikia.nocookie.net/capx/images/6/6e/Lutrajet_Icon_Ani_B2.gif
74,Alpint,https://static.wikia.nocookie.net/capx/images/1/18/Alpint_Frontsprite_N1.png,https://static.wikia.nocookie.net/capx/images/8/8d/Alpint_Backsprite_N1.png,https://static.wikia.nocookie.net/capx/images/7/78/Alpint_Icon_Ani_B2.gif
75,Forusk,https://static.wikia.nocookie.net/capx/images/f/f1/Elephant_regionaldifference2.png,https://static.wikia.nocookie.net/capx/images/a/a6/Forusk-backsprite-1.png,https://static.wikia.nocookie.net/capx/images/3/31/Forusk_Icon_Ani_Green_B1.gif
76,Platypow,https://static.wikia.nocookie.net/capx/images/6/64/PlatpowQC.png,https://static.wikia.nocookie.net/capx/images/e/ea/PlatpowQCBack.png,https://static.wikia.nocookie.net/capx/images/3/33/Platypow_Icon_Ani_B1.gif
77,Platikhao,https://static.wikia.nocookie.net/capx/images/8/8b/PlatikhaoQC.png,https://static.wikia.nocookie.net/capx/images/8/8d/PlatikhaoQCBack.png,https://static.wikia.nocookie.net/capx/images/0/0b/Platikhao_icon.png
78,Cuppy,https://static.wikia.nocookie.net/capx/images/e/ea/Cuppy_Front_Sprite_E2.png,https://static.wikia.nocookie.net/capx/images/b/b0/Cuppy_Backsprite_E2.png,https://static.wikia.nocookie.net/capx/images/c/c2/Cuppy_Icon_Ani_C2.gif
79,Fettlekish,https://static.wikia.nocookie.net/capx/images/6/65/Fettlekish_Front_D2.png,https://static.wikia.nocookie.net/capx/images/e/ee/Fettlekish_Back_D2.png,https://static.wikia.nocookie.net/capx/images/f/f0/Fettlekish_Icon_Ani_B1.gif
80,Shibalbat,https://static.wikia.nocookie.net/capx/images/2/25/Shibalbat_Front_Sprite_E1.png,https://static.wikia.nocookie.net/capx/images/1/1c/Shibalbat_Backsprite_E1t.png,https://static.wikia.nocookie.net/capx/images/1/10/Shibat_icon.gif
81,Nobunata,https://static.wikia.nocookie.net/capx/images/1/16/NobunataAdjust.png,https://static.wikia.nocookie.net/capx/images/4/42/Nobu.png,https://static.wikia.nocookie.net/capx/images/d/db/Nobunata_Icon_Ani_B1.gif
82,Psybex,https://static.wikia.nocookie.net/capx/images/c/c2/Psybex-frontsprite-1.png,https://static.wikia.nocookie.net/capx/images/5/5e/Psybex_Backsprite_E4t.png,https://static.wikia.nocookie.net/capx/images/2/27/Psybex_Icon_Ani_B1.gif
83,Gnuru,https://static.wikia.nocookie.net/capx/images/7/76/GnuruNonFloaty.png,https://static.wikia.nocookie.net/capx/images/a/a6/Gnuru_Backsprite_C3.png,https://static.wikia.nocookie.net/capx/images/d/d5/Gnuru_Icon_Ani_B1.gif
84,Flowger,https://static.wikia.nocookie.net/capx/images/8/8f/Flowger_Blue_Front_E1.png,https://static.wikia.nocookie.net/capx/images/9/90/Flowger_Blue_Back_X1.png,https://static.wikia.nocookie.net/capx/images/b/b5/Flowger_Icon_Ani_B3_Blue.gif
85,Bullotus,https://static.wikia.nocookie.net/capx/images/0/0f/Bullotus_Blue_Front_E1.png,https://static.wikia.nocookie.net/capx/images/4/46/Ower2.png,https://static.wikia.nocookie.net/capx/images/5/59/Bullotus_Icon_Green_Ani_E1.gif
86,Burrowl,https://static.wikia.nocookie.net/capx/images/4/41/BurrowlSmaller.png,https://static.wikia.nocookie.net/capx/images/e/e5/Burrowl_Red_Back.png,https://static.wikia.nocookie.net/capx/images/f/f2/Burrowl_Icon_Ani_B1.gif
87,Magowl,https://static.wikia.nocookie.net/capx/images/4/41/Magowl_Front_D2.png,https://static.wikia.nocookie.net/capx/images/e/ea/Magowl_Back_D2.png,https://static.wikia.nocookie.net/capx/images/4/42/Magowl_Icon_Ani_B1.gif
88,Craliber,https://static.wikia.nocookie.net/capx/images/5/5f/Craliber_Front_Edit_Gun_1t.png,https://static.wikia.nocookie.net/capx/images/d/d9/Craliber_Backsprite_Edit_Gun_1t.png,https://static.wikia.nocookie.net/capx/images/3/34/Craliber_Icon_Ani_B1.gif
89,Crawglock,https://static.wikia.nocookie.net/capx/images/5/59/Metalhighlights_fixed_lighting_on_claws.png,https://static.wikia.nocookie.net/capx/images/0/02/Crawglock_Backsprite_Oct2015.png,https://static.wikia.nocookie.net/capx/images/c/c2/Crawglock_Icon_Ani_B1.gif
90,Leafish,https://static.wikia.nocookie.net/capx/images/b/b9/Leafish_Front_D2.png,https://static.wikia.nocookie.net/capx/images/d/dc/Leafish_Back_D2.png,https://static.wikia.nocookie.net/capx/images/9/9d/Leafishicon.png
91,Chlorofin,https://static.wikia.nocookie.net/capx/images/a/ae/Chlorofin_Front_Female_D2.png,https://static.wikia.nocookie.net/capx/images/6/68/Chlorofin_Back_Female_D2.png,https://static.wikia.nocookie.net/capx/images/b/be/Chlorofinicon.png
92,Quibble,https://static.wikia.nocookie.net/capx/images/3/3d/QuibbleC-0.png,https://static.wikia.nocookie.net/capx/images/4/4a/Quibble_Backsprite_N1.png,https://static.wikia.nocookie.net/capx/images/9/9c/Quibble_Icon_Frames_N1.png
93,Fowattle,https://static.wikia.nocookie.net/capx/images/f/f3/FowattleC.png,https://static.wikia.nocookie.net/capx/images/d/dc/Fowattle_Backsprite_N1.png,https://static.wikia.nocookie.net/capx/images/9/9a/Fowattle_Icon_Frames_N1.png
94,Turkistador,https://static.wikia.nocookie.net/capx/images/1/1f/Turkeystador_2.png,https://static.wikia.nocookie.net/capx/images/3/39/Turkistador_Backsprite_E1.png,https://static.wikia.nocookie.net/capx/images/6/6a/Turkistador_Icon_Frames_N1.png
95,Sedirrot,https://static.wikia.nocookie.net/capx/images/4/46/Indexeqe.png,https://static.wikia.nocookie.net/capx/images/7/76/Sedirrot_Backsprite_E2t.png,https://static.wikia.nocookie.net/capx/images/6/60/Sedirrot_Icon_Ani_B2.gif
96,Condesa,https://static.wikia.nocookie.net/capx/images/d/de/Gonnagetmygroceries.png,https://static.wikia.nocookie.net/capx/images/2/24/Gonnagetmygroceriessfsfs.png,https://static.wikia.nocookie.net/capx/images/9/96/Condesa_Icon_Ani_B1.gif
97,Cardinite,https://static.wikia.nocookie.net/capx/images/f/fb/CardiniteC.png,https://static.wikia.nocookie.net/capx/images/9/9e/Cardinite-b-sprite-QX.png,https://static.wikia.nocookie.net/capx/images/1/1a/Cardinite_Icon_Ani_B1.gif
98,Chardinal,https://static.wikia.nocookie.net/capx/images/2/2b/Chardinal-1.png,https://static.wikia.nocookie.net/capx/images/6/62/Chardinal_back-1.png,https://static.wikia.nocookie.net/capx/images/2/22/Chardinal_Icon_Ani_B1.gif
99,Skurrow,https://static.wikia.nocookie.net/capx/images/6/6d/SkurrowFix.png,https://static.wikia.nocookie.net/capx/images/d/dc/Skinkback.png,https://static.wikia.nocookie.net/capx/images/0/08/Skurrow_Icon_Ani_2.gif
100,Somberado,https://static.wikia.nocookie.net/capx/images/d/dd/SomberadospriteB.png,https://static.wikia.nocookie.net/capx/images/9/93/SOmberadoBackNew.png,https://static.wikia.nocookie.net/capx/images/9/9b/Somberado_Icon_Ani_B4.gif
101,Phlask,https://static.wikia.nocookie.net/capx/images/9/9b/Phlask_Front_D2.png,https://static.wikia.nocookie.net/capx/images/1/18/Phlask_Back_D2.png,https://static.wikia.nocookie.net/capx/images/7/7b/Phlask_Icon_Ani_B1.gif
102,Noxial,https://static.wikia.nocookie.net/capx/images/1/1e/NoxialFS_B.png,https://static.wikia.nocookie.net/capx/images/6/6a/NoxialBS_B.png,https://static.wikia.nocookie.net/capx/images/2/2b/Noxial_Red_Icons_1.png
103,Fumighast,https://static.wikia.nocookie.net/capx/images/1/1e/Fumighast.png,https://static.wikia.nocookie.net/capx/images/4/4c/Fumighast_Backsprite_Linework_2.png,https://static.wikia.nocookie.net/capx/images/4/45/Fumighast_Icon_Ani_B1.gif
104,Atomite,https://static.wikia.nocookie.net/capx/images/5/5d/Atomite_sprite.png,https://static.wikia.nocookie.net/capx/images/b/b7/AtomiteBackC.png,https://static.wikia.nocookie.net/capx/images/9/9a/Atomite_Icon_Ani_B2.gif
105,Orbatom,https://static.wikia.nocookie.net/capx/images/d/db/OrbatomC.png,https://static.wikia.nocookie.net/capx/images/b/b7/Orb_clear.png,https://static.wikia.nocookie.net/capx/images/4/42/Orbatom_Icon_Ani_B1.gif
106,Squink,https://static.wikia.nocookie.net/capx/images/d/da/SquinkC.png,https://static.wikia.nocookie.net/capx/images/a/af/Squinkyandthebrain.png,https://static.wikia.nocookie.net/capx/images/c/c2/Squink_Icon_Ani_B1.gif
107,Squidrift,https://static.wikia.nocookie.net/capx/images/1/1b/Sketchersquidrift.png,https://static.wikia.nocookie.net/capx/images/8/8b/SquidriftBackC.png,https://static.wikia.nocookie.net/capx/images/f/fa/Squidrift_Icon_Ani_2.gif
108,Boarealis,https://static.wikia.nocookie.net/capx/images/2/23/Boarealis_sprite_redux.png,https://static.wikia.nocookie.net/capx/images/2/27/Boarealis_Backsprite_Linework_2.png,https://static.wikia.nocookie.net/capx/images/c/c1/Boarealis_Icon_Ani_1.gif
109,Chelonite,https://static.wikia.nocookie.net/capx/images/8/80/CheloniteFS.png,https://static.wikia.nocookie.net/capx/images/8/89/CheloniteBS.png,https://static.wikia.nocookie.net/capx/images/c/c8/Chelonite_Icon_Ani_C1.gif
110,Galaxagos,https://static.wikia.nocookie.net/capx/images/c/cc/Galaxagos_Front_E2.png,https://static.wikia.nocookie.net/capx/images/4/40/Galaxagos_Back_D2.png,https://static.wikia.nocookie.net/capx/images/d/dd/Galaxagos_Icon_Ani_B2.gif
111,Magnitogre,https://static.wikia.nocookie.net/capx/images/f/f3/Magnitogre_Front_D2.png,https://static.wikia.nocookie.net/capx/images/7/7b/MagnitogreBack2.png,https://static.wikia.nocookie.net/capx/images/b/b6/Magnitogre_Icon_Ani_B1.gif
112,Minarac,https://static.wikia.nocookie.net/capx/images/8/87/Minarac_Front_D2.png,https://static.wikia.nocookie.net/capx/images/7/73/Minarac_Backsprite_B3.png,https://static.wikia.nocookie.net/capx/images/6/6a/Minarac_Icon_Ani_B1.gif
113,Trenchula,https://static.wikia.nocookie.net/capx/images/7/7c/TrenchulaFS.png,https://static.wikia.nocookie.net/capx/images/4/4e/TrenchulaBS.png,https://static.wikia.nocookie.net/capx/images/5/5e/Altspid.png
114,Pottle,https://static.wikia.nocookie.net/capx/images/2/27/Pottle_front.png,https://static.wikia.nocookie.net/capx/images/2/2e/Pottererer.png,https://static.wikia.nocookie.net/capx/images/3/3d/Pottle_Icon_Ani_D1.gif
115,Trikotta,https://static.wikia.nocookie.net/capx/images/8/88/TrikottaFix.png,https://static.wikia.nocookie.net/capx/images/2/21/Trikottaback.png,https://static.wikia.nocookie.net/capx/images/4/4b/Trikotta_Icon_Ani_C1.gif
116,Terrorcotta,https://static.wikia.nocookie.net/capx/images/6/6a/Terrorcottafront.png,https://static.wikia.nocookie.net/capx/images/0/05/Terrorcotta_Backsprite_dme_new_2.png,https://static.wikia.nocookie.net/capx/images/e/eb/Terrorcotta_Icon_Ani_B1.gif
117,Pueblant,https://static.wikia.nocookie.net/capx/images/d/d9/PueblantC.png,https://static.wikia.nocookie.net/capx/images/1/1c/Pueb_clear.png,https://static.wikia.nocookie.net/capx/images/d/da/Pueblant_Icon_Ani_B1.gif
118,Cahokisect,https://static.wikia.nocookie.net/capx/images/7/7d/CahokisectC.png,https://static.wikia.nocookie.net/capx/images/a/a2/Cahokisect_back2.png,https://static.wikia.nocookie.net/capx/images/f/f6/Cahokisect_Icon_Frames_C1.png
119,Cobrasket,https://static.wikia.nocookie.net/capx/images/8/8d/Cobrascet_sprite.png,https://static.wikia.nocookie.net/capx/images/a/a5/Cober.png,https://static.wikia.nocookie.net/capx/images/d/dd/Charmbra_frames.png
120,Charmbra,https://static.wikia.nocookie.net/capx/images/b/b6/Sanic_speed.png,https://static.wikia.nocookie.net/capx/images/b/b3/Charmbra_Backsprite_E3t.png,https://static.wikia.nocookie.net/capx/images/2/2e/Charmbra_Icon_Ani_B2.gif
121,Cairup,https://static.wikia.nocookie.net/capx/images/2/25/Puppypup.png,https://static.wikia.nocookie.net/capx/images/1/1e/1377158329594.png,https://static.wikia.nocookie.net/capx/images/0/05/Cairup_Icon_Ani_B1.gif
122,Kairoglyph,https://static.wikia.nocookie.net/capx/images/3/35/Glyphrecolor.png,https://static.wikia.nocookie.net/capx/images/9/9f/Kairoglyph_Backsprite_wip_E1.png,https://static.wikia.nocookie.net/capx/images/d/d9/Kairoglyph_Icon_Ani_B1.gif
123,Necronite,https://static.wikia.nocookie.net/capx/images/b/b7/Necronite_2.png,https://static.wikia.nocookie.net/capx/images/a/af/Necroniteback.png,https://static.wikia.nocookie.net/capx/images/7/79/Necronite_Icon_Ani_3.gif
124,Gravollum,https://static.wikia.nocookie.net/capx/images/3/3e/Gravollum_2.png,https://static.wikia.nocookie.net/capx/images/f/fa/WinningGrav.png,https://static.wikia.nocookie.net/capx/images/2/2c/Gravollum_Icon_Ani_1.gif
125,Diloweed,https://static.wikia.nocookie.net/capx/images/d/d8/DiloweedC.png,https://static.wikia.nocookie.net/capx/images/8/8b/Diloback_clear.png,https://static.wikia.nocookie.net/capx/images/9/9d/Diloweed_Icon_Ani_A1.gif
126,Pangolash,https://static.wikia.nocookie.net/capx/images/d/d0/Pangolash_front-sprite-x.png,https://static.wikia.nocookie.net/capx/images/3/3f/Pangolash_back-sprite-x.png,https://static.wikia.nocookie.net/capx/images/e/e2/Pangolash_Icon_Ani_MR1.gif
127,Ignishell,https://static.wikia.nocookie.net/capx/images/2/29/Ignishell_fs-edit3.png,https://static.wikia.nocookie.net/capx/images/c/c8/Ignishell_bs-edit3.png,https://static.wikia.nocookie.net/capx/images/0/0e/Ignishell_Icon_Ani_B1.gif
128,Shelosene,https://static.wikia.nocookie.net/capx/images/5/5b/Shelosene_Front_D2.png,https://static.wikia.nocookie.net/capx/images/a/a5/Shelosene_Back_D2.png,https://static.wikia.nocookie.net/capx/images/5/5f/Shelosene_Icon_Ani_B1.gif
129,Flarrapin,https://static.wikia.nocookie.net/capx/images/5/5e/Flarrapin_Front_D2.png,https://static.wikia.nocookie.net/capx/images/6/60/Flarrapin-Backsprite-1.png,https://static.wikia.nocookie.net/capx/images/5/54/Flarrapin_Icon_Ani_B5.gif
130,Desoula,https://static.wikia.nocookie.net/capx/images/6/6f/Desoula_sprite.png,https://static.wikia.nocookie.net/capx/images/9/95/Desoula.png,https://static.wikia.nocookie.net/capx/images/5/53/Desoula_Icon_Ani_B1.gif
131,Necrow,https://static.wikia.nocookie.net/capx/images/a/a9/Death_eater_bird_thing.png,https://static.wikia.nocookie.net/capx/images/6/62/Necrowlarge.png,https://static.wikia.nocookie.net/capx/images/b/b8/Necrow_Icon_Ani_B1.gif
132,Vultergyst,https://static.wikia.nocookie.net/capx/images/2/2f/Sand_in_my_Vulture.png,https://static.wikia.nocookie.net/capx/images/b/be/Vultergyst_Backsprite_Linework_B2.png,https://static.wikia.nocookie.net/capx/images/4/4c/Vultergyst_Icon_Ani_B1.gif
133,Dinkywink,https://static.wikia.nocookie.net/capx/images/3/38/Dinkywink_Pinkystink.png,https://static.wikia.nocookie.net/capx/images/e/e6/Dinkywink_pinkystink_backsprite_.png,https://static.wikia.nocookie.net/capx/images/7/70/Dinkywink_Icon_Ani_B1.gif
134,Dunkywunkr,https://static.wikia.nocookie.net/capx/images/0/04/Dunky_fix.png,https://static.wikia.nocookie.net/capx/images/5/5a/Dunkyspritegif2.gif,https://static.wikia.nocookie.net/capx/images/6/67/Dunkywunkr_Icon_Ani_B1.gif
135,Calphite,https://static.wikia.nocookie.net/capx/images/f/ff/CalphiteC.png,https://static.wikia.nocookie.net/capx/images/f/fe/Caph_back.png,https://static.wikia.nocookie.net/capx/images/1/15/Calphite_Icon_Ani_B1.gif
136,Indrolith,https://static.wikia.nocookie.net/capx/images/f/fa/Indrolithfront.png,https://static.wikia.nocookie.net/capx/images/0/06/1373598300623.png,https://static.wikia.nocookie.net/capx/images/1/1a/Indrolith_Icon_Ani_B7.gif
137,Solacari,https://static.wikia.nocookie.net/capx/images/4/49/Solacari_Front_D2.png,https://static.wikia.nocookie.net/capx/images/4/4d/Solacari_Back_D2.png,https://static.wikia.nocookie.net/capx/images/8/80/Solacari_icon_Ani_B2.gif
138,Nurshary,https://static.wikia.nocookie.net/capx/images/6/63/Nurshiaryfront2.png,https://static.wikia.nocookie.net/capx/images/9/92/Nurshary_Backsprite_E4.png,https://static.wikia.nocookie.net/capx/images/4/43/Nurshary_Icon_Ani_B1.gif
139,Loneleaf,https://static.wikia.nocookie.net/capx/images/e/e4/Loneleaf2.png,https://static.wikia.nocookie.net/capx/images/7/7e/Loneleaf_back.png,https://static.wikia.nocookie.net/capx/images/f/f2/Loneleaf_Icon_Ani_1.gif
140,Forthorn,https://static.wikia.nocookie.net/capx/images/8/80/Forthorn_spritefix2.png,https://static.wikia.nocookie.net/capx/images/2/25/Fortthorn_Back.png,https://static.wikia.nocookie.net/capx/images/f/fb/Forthorn_Icon_Ani_1.gif
141,Coltergeist,https://static.wikia.nocookie.net/capx/images/1/17/Coltergeist_Front_D2.png,https://static.wikia.nocookie.net/capx/images/e/ee/Coltergeist_bs-edit3.png,https://static.wikia.nocookie.net/capx/images/2/2c/Coltergeist_Icon_Ani_B2.gif
142,Fantasmare,https://static.wikia.nocookie.net/capx/images/d/d4/Fantasmare_fs-edits3.png,https://static.wikia.nocookie.net/capx/images/7/74/Fantasmare_Backsprite_E1.png,https://static.wikia.nocookie.net/capx/images/f/f1/Fantasmare_Icon_Frames_N1.png
143,Chihaha,https://static.wikia.nocookie.net/capx/images/6/64/Cool_chihaha_sprite.png,https://static.wikia.nocookie.net/capx/images/3/3c/Chihaha_back.png,https://static.wikia.nocookie.net/capx/images/1/1b/Chihaha_Icon_Ani_C1b.gif
144,Howlequin,https://static.wikia.nocookie.net/capx/images/f/fa/HowlequinD.png,https://static.wikia.nocookie.net/capx/images/a/ab/Hiloquinb.png,https://static.wikia.nocookie.net/capx/images/b/b0/Howlequin_Icon_Ani_B1.gif
145,Chegrin,https://static.wikia.nocookie.net/capx/images/f/fe/Chegrin2.png,https://static.wikia.nocookie.net/capx/images/c/c2/Chegrin.png,https://static.wikia.nocookie.net/capx/images/9/99/Chegrin_Icon_Ani_C2.gif
146,Cheshade,https://static.wikia.nocookie.net/capx/images/c/c8/Cheshadefront.png,https://static.wikia.nocookie.net/capx/images/0/08/Cheshade.png,https://static.wikia.nocookie.net/capx/images/2/2f/Cheshade_Icon_Ani_B2.gif
147,Doppole,https://static.wikia.nocookie.net/capx/images/f/f2/Doppole_C_sprite.png,https://static.wikia.nocookie.net/capx/images/d/d9/DoppleBS_C.png,https://static.wikia.nocookie.net/capx/images/f/fd/Doppole_Icon_Ani_2.gif
148,Artifish,https://static.wikia.nocookie.net/capx/images/a/a5/Artifish_Front_Ultra_D2.png,https://static.wikia.nocookie.net/capx/images/8/88/Artifish_Back_Ultra_D2.png,https://static.wikia.nocookie.net/capx/images/7/78/Artifish_Icon_Frames_B1.png
149,Thoraxe,https://static.wikia.nocookie.net/capx/images/9/9d/Thoraxe_Front_Sprite_E1.png,https://static.wikia.nocookie.net/capx/images/6/66/Thoraxe_bs-edit5.png,https://static.wikia.nocookie.net/capx/images/1/18/Thoraxe_Icon_Ani_C1.gif
150,Pomparunt,https://static.wikia.nocookie.net/capx/images/6/6f/Pomparunt_Front_Sprite_E1.png,https://static.wikia.nocookie.net/capx/images/7/7c/Pomparunt_Backsprite_E1.png,https://static.wikia.nocookie.net/capx/images/c/c3/Pomparunt_Icon_Frames_1.png
151,Pompagoon,https://static.wikia.nocookie.net/capx/images/9/93/Pompagoon_Front_Sprite_E1F.png,https://static.wikia.nocookie.net/capx/images/5/52/Pompagoon_Backsprite_E1F.png,https://static.wikia.nocookie.net/capx/images/3/39/Pompagoon_Icon_Frames_1.png
152,Hyekuza,https://static.wikia.nocookie.net/capx/images/4/42/Hyekuza_Front_Sprite_E1F.png,https://static.wikia.nocookie.net/capx/images/3/30/HyekuzaF_bs-edit4.png,https://static.wikia.nocookie.net/capx/images/b/b4/Hyekuza_Icon_Ani_B1.gif
153,Erycoon,https://static.wikia.nocookie.net/capx/images/f/fd/Erycoon_Frontsprite_B4.png,https://static.wikia.nocookie.net/capx/images/d/d3/Erycoon_Back_D2.png,https://static.wikia.nocookie.net/capx/images/9/93/Erycoon_Icon_Ani_B2c.gif
154,Leukoon,https://static.wikia.nocookie.net/capx/images/0/07/Leukoon_Frontsprite_B1t.png,https://static.wikia.nocookie.net/capx/images/1/1d/Leukoon_Backsprite_E1t.png,https://static.wikia.nocookie.net/capx/images/8/8a/Leukoon_Icon_Ani_B1b.gif
155,Toxito,https://static.wikia.nocookie.net/capx/images/8/85/Toxito_Front_Sprite_C1.png,https://static.wikia.nocookie.net/capx/images/f/f0/Toxito_Back_Sprite_C1.png,https://static.wikia.nocookie.net/capx/images/4/49/Toxito_Icon_Ani_B1.gif
156,Sanguito,https://static.wikia.nocookie.net/capx/images/4/45/Sanguito-fsprite-2.png,https://static.wikia.nocookie.net/capx/images/2/2e/Sanguito-bsprite-1.png,https://static.wikia.nocookie.net/capx/images/a/ad/Sanguito_Icon_Ani_B1.gif
157,Orett,https://static.wikia.nocookie.net/capx/images/5/51/OrettAdjust.png,https://static.wikia.nocookie.net/capx/images/a/a3/Orett_Backsprite_Oct2015.png,https://static.wikia.nocookie.net/capx/images/2/2c/Orett_Icon_Ani_C2.gif
158,Anvelid,https://static.wikia.nocookie.net/capx/images/d/db/Anvelid_Frontsprite_E2t.png,https://static.wikia.nocookie.net/capx/images/2/2e/Anvelid_Back_D2.png,https://static.wikia.nocookie.net/capx/images/4/44/Anvelid_Icon_Frames_B1.png
159,Magroplex,https://static.wikia.nocookie.net/capx/images/b/b2/MagroplexNew.png,https://static.wikia.nocookie.net/capx/images/5/59/Magroplex-backsprite-01.png,https://static.wikia.nocookie.net/capx/images/e/e8/Magroplex_Icon_Ani_B1.gif
160,Viipii,https://static.wikia.nocookie.net/capx/images/3/37/Viipiif.png,https://static.wikia.nocookie.net/capx/images/8/8d/Vp_bs_f.png,https://static.wikia.nocookie.net/capx/images/7/70/Viipii_Female_Icon_Ani_1.gif
161,Chilloth,https://static.wikia.nocookie.net/capx/images/2/2f/Chilloth_sprite_2.png,https://static.wikia.nocookie.net/capx/images/d/da/Chilloth_backsprite_2.png,https://static.wikia.nocookie.net/capx/images/3/32/Chilloth_Icon_Ani_B3.gif
162,Soakoth,https://static.wikia.nocookie.net/capx/images/5/5b/Soakoth_sprite_2.png,https://static.wikia.nocookie.net/capx/images/6/64/Soakoth_backsprite_2.png,https://static.wikia.nocookie.net/capx/images/7/71/Soakoth_Icon_Ani_C1.gif
163,Chayan,https://static.wikia.nocookie.net/capx/images/6/6c/Chayan_newsprite.png,https://static.wikia.nocookie.net/capx/images/1/19/Chayan_backsprite.png,https://static.wikia.nocookie.net/capx/images/d/dc/Chayan_Icon_Ani_B1.gif
164,Macuarrior,https://static.wikia.nocookie.net/capx/images/2/24/Macuarrior_sprite.png,https://static.wikia.nocookie.net/capx/images/3/31/Macuarrior_backsprite.png,https://static.wikia.nocookie.net/capx/images/4/45/Macuarrior_Icon_Ani_B1.gif
165,Ocerumi,https://static.wikia.nocookie.net/capx/images/3/3f/Ocerumi_sprite.png,https://static.wikia.nocookie.net/capx/images/1/1d/Ocerumi_backsprite.png,https://static.wikia.nocookie.net/capx/images/6/64/Ocerumi_Icon_Ani_B2.gif
166,Fortifry,https://static.wikia.nocookie.net/capx/images/4/4a/Fortifry_sprite.png,https://static.wikia.nocookie.net/capx/images/3/3a/Fortifry_backsprite.png,https://static.wikia.nocookie.net/capx/images/e/e0/Fortifry_Icon_Ani_B1.gif
167,Oarwish,https://static.wikia.nocookie.net/capx/images/c/c5/Oarwish-frontsprite-1.png,https://static.wikia.nocookie.net/capx/images/3/33/Oarwish-backsprite-1.png,https://static.wikia.nocookie.net/capx/images/7/7c/Oarwish_Icon_Ani_B1.gif
168,Smashiary,https://static.wikia.nocookie.net/capx/images/7/7f/SmashiaryC.png,https://static.wikia.nocookie.net/capx/images/d/d0/Smashiary-Backsprite-1.png,https://static.wikia.nocookie.net/capx/images/0/05/Smashiary_Icon_Ani_B2.gif
169,Slatic,https://static.wikia.nocookie.net/capx/images/d/d5/Slatic_fs-edits2.png,https://static.wikia.nocookie.net/capx/images/c/c3/Slatic_bs-edits1.png,https://static.wikia.nocookie.net/capx/images/e/eb/Slatic_icon.png
170,Telsion,https://static.wikia.nocookie.net/capx/images/c/c4/Telsion_fs-edits2.png,https://static.wikia.nocookie.net/capx/images/4/49/Telsion_bs-edits1.png,https://static.wikia.nocookie.net/capx/images/4/4b/Untitled-4.gif
171,Chameleohm,https://static.wikia.nocookie.net/capx/images/e/ec/Chameleohm_Front_D2.png,https://static.wikia.nocookie.net/capx/images/d/d2/Chameleohm_Back_D2.png,https://static.wikia.nocookie.net/capx/images/2/21/Chameleohm_Icon_Frames_N1.png
172,Glauqua,https://static.wikia.nocookie.net/capx/images/d/da/Glauquanotajpg.png,https://static.wikia.nocookie.net/capx/images/0/0c/Glacacu-fixed_back.png,https://static.wikia.nocookie.net/capx/images/c/cd/Cutti-frames.png
173,Hydranticus,https://static.wikia.nocookie.net/capx/images/f/f0/Revision11.png,https://static.wikia.nocookie.net/capx/images/6/6d/Hydranticus_Back2.png,https://static.wikia.nocookie.net/capx/images/c/cd/Hydranticus_Icon_Frames_2.png
174,Lintle,https://static.wikia.nocookie.net/capx/images/5/5e/BabyMothFix.png,https://static.wikia.nocookie.net/capx/images/7/7a/Lintle_Backsprite_Linework_1.png,https://static.wikia.nocookie.net/capx/images/0/02/Lintle_Icon_Ani_B1.gif
175,Silkinder,https://static.wikia.nocookie.net/capx/images/9/9a/Silkinder-F-frontsprite.png,https://static.wikia.nocookie.net/capx/images/4/47/Silkinder-F-backsprite.png,https://static.wikia.nocookie.net/capx/images/f/f5/Silkinder_F_Icon_MR_Ani1.gif
176,Paramoth,https://static.wikia.nocookie.net/capx/images/e/e0/Paramoth-female-frontsprite.png,https://static.wikia.nocookie.net/capx/images/a/a7/Paramoth_M_Back_D2.png,https://static.wikia.nocookie.net/capx/images/7/71/Paramoth_M_Icon_Ani_E1.gif
177,Parapy,https://static.wikia.nocookie.net/capx/images/8/8a/Kjjdwqj.png,https://static.wikia.nocookie.net/capx/images/d/da/Parapy_back.png,https://static.wikia.nocookie.net/capx/images/f/f4/Parapy_Icon_Ani_B2.gif
178,Mawasite,https://static.wikia.nocookie.net/capx/images/8/80/Buge.png,https://static.wikia.nocookie.net/capx/images/8/8d/Mawasite_back2.png,https://static.wikia.nocookie.net/capx/images/3/32/Mawasite_Icon_Frames_B2.png
179,Chimpoca,https://static.wikia.nocookie.net/capx/images/6/6a/Chimpoca_sprite.png,https://static.wikia.nocookie.net/capx/images/8/84/Chimpoca_backsprite.png,https://static.wikia.nocookie.net/capx/images/6/62/Chimpoca_Icon_Ani_B2.gif
180,Simayan,https://static.wikia.nocookie.net/capx/images/c/cb/Simayan_sprite.png,https://static.wikia.nocookie.net/capx/images/c/c6/Simayan_backsprite.png,https://static.wikia.nocookie.net/capx/images/4/45/Simayan_Icon_Frames_B1.png
181,Monkezuma,https://static.wikia.nocookie.net/capx/images/6/67/Monkezuma_sprite.png,https://static.wikia.nocookie.net/capx/images/a/ad/Monkezuma_backsprite.png,https://static.wikia.nocookie.net/capx/images/f/f4/Monkezuma_Icon_Ani_B2.gif
182,Enigmite,https://static.wikia.nocookie.net/capx/images/d/d9/EnigmiteFixFoot.png,https://static.wikia.nocookie.net/capx/images/2/22/Enigmite_backsprite.png,https://static.wikia.nocookie.net/capx/images/b/b1/Rocknroll.png
183,Enigmantis,https://static.wikia.nocookie.net/capx/images/6/6f/EnigmantisAdjust.png,https://static.wikia.nocookie.net/capx/images/6/63/Gaze_into_my_crystal_ball.png,https://static.wikia.nocookie.net/capx/images/6/6d/Enigmantis_Icon_Frames_B1.png
184,Arjibi,https://static.wikia.nocookie.net/capx/images/b/bb/Gibiar.png,https://static.wikia.nocookie.net/capx/images/2/25/Gebiarback.png,https://static.wikia.nocookie.net/capx/images/c/ce/Arjibi_Icon_Ani_B1.gif
185,Royjibiv,https://static.wikia.nocookie.net/capx/images/2/20/Royjibiv_sprite_anon.png,https://static.wikia.nocookie.net/capx/images/6/61/Royjibiv_Backsprite_New.png,https://static.wikia.nocookie.net/capx/images/f/f1/Royjibiv_Icon_Ani_B2small.gif
186,Barracute,https://static.wikia.nocookie.net/capx/images/f/fd/Barracute_Front_D2.png,https://static.wikia.nocookie.net/capx/images/8/82/Barracute_Back_D2.png,https://static.wikia.nocookie.net/capx/images/c/c6/Barracute_Icon_Ani_B1.gif
187,Jawgodon,https://static.wikia.nocookie.net/capx/images/2/22/Jawgodon_Front_D2.png,https://static.wikia.nocookie.net/capx/images/5/51/Jawgodon_Back_D2.png,https://static.wikia.nocookie.net/capx/images/b/b4/Jawgodon_Icon_Ani_C1.gif
188,Drosire,https://static.wikia.nocookie.net/capx/images/b/b0/Drosiresprite.png,https://static.wikia.nocookie.net/capx/images/c/cd/Drosire_Back.png,https://static.wikia.nocookie.net/capx/images/9/9c/Drosire_Icon_Ani_B1.gif
189,Sunduke,https://static.wikia.nocookie.net/capx/images/6/65/Duke_clear.png,https://static.wikia.nocookie.net/capx/images/5/54/Capturedwda.png,https://static.wikia.nocookie.net/capx/images/b/b3/Sunduke_Icon_Ani_B2.gif
190,Wispern,https://static.wikia.nocookie.net/capx/images/8/87/Wispern_front.png,https://static.wikia.nocookie.net/capx/images/1/1f/Wispern_back.png,https://static.wikia.nocookie.net/capx/images/c/c4/Wispern_Icon_Ani_B1.gif
191,Phantern,https://static.wikia.nocookie.net/capx/images/b/ba/Phanternfront.png,https://static.wikia.nocookie.net/capx/images/0/02/Phantern_back.png,https://static.wikia.nocookie.net/capx/images/5/55/Phantern_Icon_Ani_1B.gif
192,Glocto,https://static.wikia.nocookie.net/capx/images/f/f7/Gloctooo.png,https://static.wikia.nocookie.net/capx/images/7/7f/Glocto_backsprite.png,https://static.wikia.nocookie.net/capx/images/f/f2/Oie_oie_animation%2813%29ff.gif
193,Lavoon,https://static.wikia.nocookie.net/capx/images/6/60/LavoonC.png,https://static.wikia.nocookie.net/capx/images/1/12/Lavoon_backsprite.png,https://static.wikia.nocookie.net/capx/images/8/8a/Lavoon_Icon_Ani_1FatB.gif
194,Gilla,https://static.wikia.nocookie.net/capx/images/1/1f/Gilla_fro.png,https://static.wikia.nocookie.net/capx/images/8/8c/Gilla_Backsprite_Linework_B.png,https://static.wikia.nocookie.net/capx/images/d/d1/Gilla_Icon_Frames_C3.png
195,Hornizard,https://static.wikia.nocookie.net/capx/images/b/ba/Hornizard_sprite.png,https://static.wikia.nocookie.net/capx/images/6/6c/Hornizard_Back.png,https://static.wikia.nocookie.net/capx/images/c/c2/Hornizard_Icon_Frames_B_Small_1.png
196,Ankillosore,https://static.wikia.nocookie.net/capx/images/b/b9/Ankill_clear.png,https://static.wikia.nocookie.net/capx/images/0/03/Ankillosore_Back.png,https://static.wikia.nocookie.net/capx/images/1/10/Ankillosore_Icon_Frames_B2.png
197,Bazilisk,https://static.wikia.nocookie.net/capx/images/c/c3/Baziliskfront.png,https://static.wikia.nocookie.net/capx/images/2/2d/Baziliskb.png,https://static.wikia.nocookie.net/capx/images/d/d3/Bazilisk_Icon_Ani_B1.gif
198,Ornitherb,https://static.wikia.nocookie.net/capx/images/a/ab/Ornitherb1.png,https://static.wikia.nocookie.net/capx/images/c/c4/Ornitherb.png,https://static.wikia.nocookie.net/capx/images/8/83/Ornitherb_Icon_Ani_B1.gif
199,Dilophlora,https://static.wikia.nocookie.net/capx/images/a/ad/Dilophlora_revised.png,https://static.wikia.nocookie.net/capx/images/0/06/SaurTwenty.png,https://static.wikia.nocookie.net/capx/images/d/d8/Dilophlora_Icon_Ani_B1.gif
200,Baboom,https://static.wikia.nocookie.net/capx/images/0/02/Baboomspritereduced_colors.png,https://static.wikia.nocookie.net/capx/images/9/94/Baboom_Back.png,https://static.wikia.nocookie.net/capx/images/5/55/Baboom_Icon_Ani_B4.gif
201,Icetope,https://static.wikia.nocookie.net/capx/images/1/13/Icetope_qc.png,https://static.wikia.nocookie.net/capx/images/a/a3/Icey.png,https://static.wikia.nocookie.net/capx/images/9/96/Icetope_Icon_Ani_Recolor_1.gif
202,Chillnobyl,https://static.wikia.nocookie.net/capx/images/5/5b/Chillnobyl_qc.png,https://static.wikia.nocookie.net/capx/images/3/35/Cooltop.png,https://static.wikia.nocookie.net/capx/images/3/3a/Chillnobyl_Icon_Ani_B2.gif
203,Wendingo,https://static.wikia.nocookie.net/capx/images/7/78/Wendingofront.png,https://static.wikia.nocookie.net/capx/images/b/ba/Wendingo_Back_A.png,https://static.wikia.nocookie.net/capx/images/c/c5/Wendingo_Icon_Ani_B1.gif
204,Carnibal,https://static.wikia.nocookie.net/capx/images/e/e5/204_carnibal.png,https://static.wikia.nocookie.net/capx/images/d/dd/Carniballz.png,https://static.wikia.nocookie.net/capx/images/8/80/Carnibal_Icon_Ani_B1.gif
205,Luchito,https://static.wikia.nocookie.net/capx/images/3/3f/Luchitofront.png,https://static.wikia.nocookie.net/capx/images/a/a1/Luchi_back.png,https://static.wikia.nocookie.net/capx/images/1/18/Luchito_Icon_Ani_2.gif
206,Eluchadon,https://static.wikia.nocookie.net/capx/images/8/8d/Elec.png,https://static.wikia.nocookie.net/capx/images/b/b1/Eluchadon_Back2.png,https://static.wikia.nocookie.net/capx/images/0/0f/Eluchadon_Icon_Frames_B1.png
207,Grolem,https://static.wikia.nocookie.net/capx/images/3/31/Growlem_sprite.png,https://static.wikia.nocookie.net/capx/images/3/32/Grolem_back_2.png,https://static.wikia.nocookie.net/capx/images/2/2e/Grolem_Icon_Ani_1.gif
208,Comossus,https://static.wikia.nocookie.net/capx/images/9/9a/CosmossusC.png,https://static.wikia.nocookie.net/capx/images/3/3d/Nebulaaxa.png,https://static.wikia.nocookie.net/capx/images/b/b1/Comossus_Icon_Ani_2.gif
209,Larvyn,https://static.wikia.nocookie.net/capx/images/3/3b/Larvynedit.png,https://static.wikia.nocookie.net/capx/images/0/06/Larvyn_back.png,https://static.wikia.nocookie.net/capx/images/0/01/Indexwew.png
210,Dracoon,https://static.wikia.nocookie.net/capx/images/1/11/Dracoon_Front_Edit1.png,https://static.wikia.nocookie.net/capx/images/3/30/Dracoon210BackUpdateddme.png,https://static.wikia.nocookie.net/capx/images/b/b9/Dracoon_Icon_Ani_B1.gif
211,Basilect,https://static.wikia.nocookie.net/capx/images/8/87/BasilectC.png,https://static.wikia.nocookie.net/capx/images/0/08/Basshade.png,https://static.wikia.nocookie.net/capx/images/a/a1/Basilect_Icon_Frames_2.png
212,Carbite,https://static.wikia.nocookie.net/capx/images/7/7f/Carbite_sprite.png,https://static.wikia.nocookie.net/capx/images/3/35/Carbite_backsprite.png,https://static.wikia.nocookie.net/capx/images/f/f4/Carbite.gif
213,Pressaur,https://static.wikia.nocookie.net/capx/images/9/92/Pressaur_front_1.png,https://static.wikia.nocookie.net/capx/images/8/88/Pressaur_back_1.png,https://static.wikia.nocookie.net/capx/images/f/f1/Pressaur.gif
214,Diamat,https://static.wikia.nocookie.net/capx/images/f/f3/Diamatfront.png,https://static.wikia.nocookie.net/capx/images/3/38/Diamat_back_1.png,https://static.wikia.nocookie.net/capx/images/2/23/Diamat.gif
215,Quecko,https://static.wikia.nocookie.net/capx/images/d/db/Quecko_sprite.png,https://static.wikia.nocookie.net/capx/images/2/26/Quecko_backsprite.png,https://static.wikia.nocookie.net/capx/images/3/36/Quecko_icon.gif
216,Tozecko,https://static.wikia.nocookie.net/capx/images/2/21/Torzeko-15colors.png,https://static.wikia.nocookie.net/capx/images/a/a7/Tozecko_Back.png,https://static.wikia.nocookie.net/capx/images/c/ca/Tozecko_icon_tweak_static.png
217,Crakling,https://static.wikia.nocookie.net/capx/images/8/85/Crakling_sprite.png,https://static.wikia.nocookie.net/capx/images/0/0b/Craklingback.png,https://static.wikia.nocookie.net/capx/images/9/95/Crakling_Icon_Ani_B1.gif
218,Fuelong,https://static.wikia.nocookie.net/capx/images/7/72/Fuelong_sprite_5.png,https://static.wikia.nocookie.net/capx/images/8/83/Fuelong_Backsprite_E2.png,https://static.wikia.nocookie.net/capx/images/a/a6/Fuelong_Icon_Ani_B1.gif
219,Draggar,https://static.wikia.nocookie.net/capx/images/9/9e/E-Draggar.png,https://static.wikia.nocookie.net/capx/images/9/9f/SmallEyesDraggar.png,https://static.wikia.nocookie.net/capx/images/3/35/Draggar_Icon_Ani_B2.gif
220,Ragnarow,https://static.wikia.nocookie.net/capx/images/1/18/RagnarowC.png,https://static.wikia.nocookie.net/capx/images/6/6b/Ragnarowback.png,https://static.wikia.nocookie.net/capx/images/e/ed/Ragnarow.gif
221,Eronze,https://static.wikia.nocookie.net/capx/images/0/0c/EronzeC.png,https://static.wikia.nocookie.net/capx/images/5/52/Eronze_Back_7.png,https://static.wikia.nocookie.net/capx/images/3/3b/Eronze_Icon_Ani_B2.gif
222,Erion,https://static.wikia.nocookie.net/capx/images/3/3c/ErionC.png,https://static.wikia.nocookie.net/capx/images/a/a5/Erion_Back_4.png,https://static.wikia.nocookie.net/capx/images/3/32/Erion_Icon_Ani_B1.gif
223,Erace,https://static.wikia.nocookie.net/capx/images/c/c7/Erace-front-sprite_0.png,https://static.wikia.nocookie.net/capx/images/0/00/Erace-back-sprite_1.png,https://static.wikia.nocookie.net/capx/images/f/f0/Erace_Icon_Ani_C3.gif
224,Patama,https://static.wikia.nocookie.net/capx/images/a/a4/Patamama.png,https://static.wikia.nocookie.net/capx/images/d/d2/Patama_backspr.png,https://static.wikia.nocookie.net/capx/images/9/95/Patama_Icon_Ani_C1.gif
225,Machima,https://static.wikia.nocookie.net/capx/images/b/ba/MachimaChanges.png,https://static.wikia.nocookie.net/capx/images/6/67/Machima_Back.png,https://static.wikia.nocookie.net/capx/images/8/84/Machima_Icon_Ani_B1b.gif
226,Yacuma,https://static.wikia.nocookie.net/capx/images/5/57/Yac1.png,https://static.wikia.nocookie.net/capx/images/0/01/Waifughost.png,https://static.wikia.nocookie.net/capx/images/9/95/Yacuma_Icon_Ani_B2.gif
227,Quetzar,https://static.wikia.nocookie.net/capx/images/0/0f/Spacequetz_the_quetzening.png,https://static.wikia.nocookie.net/capx/images/5/51/RestructuredQuetzarWIP.png,https://static.wikia.nocookie.net/capx/images/e/eb/Quetzar_Statue_Icon_Ani_B3.gif
228,Xochi,https://static.wikia.nocookie.net/capx/images/8/8d/Xochi_sprite-0.png,https://static.wikia.nocookie.net/capx/images/f/f9/Xochiback.png,https://static.wikia.nocookie.net/capx/images/d/d6/Xochi_Icon_Ani_B2.gif
229,Xotec,https://static.wikia.nocookie.net/capx/images/f/f0/Goldielox.png,https://static.wikia.nocookie.net/capx/images/6/61/Xotec_Back_Sprite_3.png,https://static.wikia.nocookie.net/capx/images/b/b5/Xotec_Icon_Ani_B2.gif
